fixed.acidity,volatile.acidity,citric.acid,residua.sugar,alcohol,types
7.4,0.7,0.0,1.9,9.4,vodka
7.8,0.88,0.0,2.6,9.8,vodka
7.8,0.76,0.04,2.3,9.8,vodka
11.2,0.28,0.56,1.9,9.8,vodka
7.4,0.7,0.0,1.9,9.4,vodka
7.4,0.66,0.0,1.8,9.4,vodka
7.9,0.6,0.06,1.6,9.4,vodka
7.3,0.65,0.0,1.2,10.0,vodka
7.8,0.58,0.02,2.0,9.5,vodka
7.5,0.5,0.36,6.1,10.5,vodka
6.7,0.58,0.08,1.8,9.2,vodka
7.5,0.5,0.36,6.1,10.5,vodka
5.6,0.615,0.0,1.6,9.9,vodka
7.8,0.61,0.29,1.6,9.1,vodka
8.9,0.62,0.18,3.8,9.2,vodka
8.9,0.62,0.19,3.9,9.2,vodka
8.5,0.28,0.56,1.8,10.5,vodka
8.1,0.56,0.28,1.7,9.3,vodka
7.4,0.59,0.08,4.4,9.0,vodka
7.9,0.32,0.51,1.8,9.2,vodka
8.9,0.22,0.48,1.8,9.4,vodka
7.6,0.39,0.31,2.3,9.7,vodka
7.9,0.43,0.21,1.6,9.5,vodka
8.5,0.49,0.11,2.3,9.4,vodka
6.9,0.4,0.14,2.4,9.7,vodka
6.3,0.39,0.16,1.4,9.3,vodka
7.6,0.41,0.24,1.8,9.5,vodka
7.9,0.43,0.21,1.6,9.5,vodka
7.1,0.71,0.0,1.9,9.4,vodka
7.8,0.645,0.0,2.0,9.8,vodka
6.7,0.675,0.07,2.4,10.1,vodka
6.9,0.685,0.0,2.5,10.6,vodka
8.3,0.655,0.12,2.3,9.8,vodka
6.9,0.605,0.12,10.7,9.4,vodka
5.2,0.32,0.25,1.8,9.2,vodka
7.8,0.645,0.0,5.5,9.6,vodka
7.8,0.6,0.14,2.4,10.8,vodka
8.1,0.38,0.28,2.1,9.7,vodka
5.7,1.13,0.09,1.5,9.8,vodka
7.3,0.45,0.36,5.9,10.5,vodka
7.3,0.45,0.36,5.9,10.5,vodka
8.8,0.61,0.3,2.8,9.3,vodka
7.5,0.49,0.2,2.6,10.5,vodka
8.1,0.66,0.22,2.2,10.3,vodka
6.8,0.67,0.02,1.8,9.5,vodka
4.6,0.52,0.15,2.1,13.1,vodka
7.7,0.935,0.43,2.2,9.2,vodka
8.7,0.29,0.52,1.6,9.5,vodka
6.4,0.4,0.23,1.6,9.2,vodka
5.6,0.31,0.37,1.4,9.2,vodka
8.8,0.66,0.26,1.7,9.2,vodka
6.6,0.52,0.04,2.2,9.4,vodka
6.6,0.5,0.04,2.1,9.4,vodka
8.6,0.38,0.36,3.0,9.4,vodka
7.6,0.51,0.15,2.8,10.2,vodka
7.7,0.62,0.04,3.8,9.5,vodka
10.2,0.42,0.57,3.4,9.6,vodka
7.5,0.63,0.12,5.1,9.4,vodka
7.8,0.59,0.18,2.3,10.0,vodka
7.3,0.39,0.31,2.4,9.4,vodka
8.8,0.4,0.4,2.2,9.2,vodka
7.7,0.69,0.49,1.8,9.3,vodka
7.5,0.52,0.16,1.9,9.5,vodka
7.0,0.735,0.05,2.0,9.8,liquid
7.2,0.725,0.05,4.65,10.9,liquid
7.2,0.725,0.05,4.65,10.9,liquid
7.5,0.52,0.11,1.5,9.6,liquid
6.6,0.705,0.07,1.6,10.7,liquid
9.3,0.32,0.57,2.0,10.7,liquid
8.0,0.705,0.05,1.9,10.5,liquid
7.7,0.63,0.08,1.9,9.5,liquid
7.7,0.67,0.23,2.1,9.5,liquid
7.7,0.69,0.22,1.9,9.5,liquid
8.3,0.675,0.26,2.1,9.2,liquid
9.7,0.32,0.54,2.5,9.6,liquid
8.8,0.41,0.64,2.2,10.5,liquid
8.8,0.41,0.64,2.2,10.5,liquid
6.8,0.785,0.0,2.4,10.7,liquid
6.7,0.75,0.12,2.0,10.1,liquid
8.3,0.625,0.2,1.5,9.1,liquid
6.2,0.45,0.2,1.6,9.2,liquid
7.8,0.43,0.7,1.9,9.4,liquid
7.4,0.5,0.47,2.0,9.1,liquid
7.3,0.67,0.26,1.8,9.4,liquid
6.3,0.3,0.48,1.8,10.3,liquid
6.9,0.55,0.15,2.2,10.1,liquid
8.6,0.49,0.28,1.9,9.9,liquid
7.7,0.49,0.26,1.9,9.6,liquid
9.3,0.39,0.44,2.1,9.5,liquid
7.0,0.62,0.08,1.8,9.0,liquid
7.9,0.52,0.26,1.9,9.5,liquid
8.6,0.49,0.28,1.9,9.9,liquid
8.6,0.49,0.29,2.0,9.8,liquid
7.7,0.49,0.26,1.9,9.6,liquid
5.0,01.02,0.04,1.4,10.5,liquid
4.7,0.6,0.17,2.3,12.9,liquid
6.8,0.775,0.0,3.0,10.7,liquid
7.0,0.5,0.25,2.0,9.2,liquid
7.6,0.9,0.06,2.5,9.8,liquid
8.1,0.545,0.18,1.9,9.0,liquid
8.3,0.61,0.3,2.1,10.2,liquid
7.8,0.5,0.3,1.9,10.4,liquid
8.1,0.545,0.18,1.9,9.0,liquid
8.1,0.575,0.22,2.1,9.2,liquid
7.2,0.49,0.24,2.2,9.4,liquid
8.1,0.575,0.22,2.1,9.2,liquid
7.8,0.41,0.68,1.7,9.3,liquid
6.2,0.63,0.31,1.7,9.3,liquid
8.0,0.33,0.53,2.5,9.6,liquid
8.1,0.785,0.52,2.0,9.3,liquid
7.8,0.56,0.19,1.8,9.5,liquid
8.4,0.62,0.09,2.2,9.8,liquid
8.4,0.6,0.1,2.2,9.8,liquid
10.1,0.31,0.44,2.3,9.7,liquid
7.8,0.56,0.19,1.8,9.5,liquid
9.4,0.4,0.31,2.2,10.5,liquid
8.3,0.54,0.28,1.9,10.0,liquid
7.8,0.56,0.12,2.0,9.4,liquid
8.8,0.55,0.04,2.2,10.9,liquid
7.0,0.69,0.08,1.8,9.2,liquid
7.3,01.07,0.09,1.7,9.0,liquid
8.8,0.55,0.04,2.2,10.9,liquid
7.3,0.695,0.0,2.5,9.2,liquid
8.0,0.71,0.0,2.6,9.5,liquid
7.8,0.5,0.17,1.6,9.5,liquid
9.0,0.62,0.04,1.9,9.4,liquid
8.2,1.33,0.0,1.7,10.9,liquid
8.1,1.33,0.0,1.8,10.9,liquid
8.0,0.59,0.16,1.8,10.5,liquid
6.1,0.38,0.15,1.8,9.4,liquid
8.0,0.745,0.56,2.0,9.4,liquid
5.6,0.5,0.09,2.3,13.0,liquid
5.6,0.5,0.09,2.3,13.0,liquid
6.6,0.5,0.01,1.5,9.8,liquid
7.9,01.04,0.05,2.2,9.9,liquid
8.4,0.745,0.11,1.9,9.6,liquid
8.3,0.715,0.15,1.8,9.5,liquid
7.2,0.415,0.36,2.0,9.2,beer
7.8,0.56,0.19,2.1,9.5,beer
7.8,0.56,0.19,2.0,9.5,beer
8.4,0.745,0.11,1.9,9.6,beer
8.3,0.715,0.15,1.8,9.5,beer
5.2,0.34,0.0,1.8,14.0,beer
6.3,0.39,0.08,1.7,9.4,beer
5.2,0.34,0.0,1.8,14.0,beer
8.1,0.67,0.55,1.8,9.4,beer
5.8,0.68,0.02,1.8,10.0,beer
7.6,0.49,0.26,1.6,9.3,beer
6.9,0.49,0.1,2.3,10.2,beer
8.2,0.4,0.44,2.8,10.5,beer
7.3,0.33,0.47,2.1,10.3,beer
9.2,0.52,1.0,3.4,9.4,beer
7.5,0.6,0.03,1.8,10.1,beer
7.5,0.6,0.03,1.8,10.1,beer
7.1,0.43,0.42,5.5,10.5,beer
7.1,0.43,0.42,5.5,10.5,beer
7.1,0.43,0.42,5.5,10.5,beer
7.1,0.43,0.42,5.5,10.5,beer
7.1,0.68,0.0,2.2,9.3,beer
6.8,0.6,0.18,1.9,9.3,beer
7.6,0.95,0.03,2.0,9.6,beer
7.6,0.68,0.02,1.3,9.2,beer
7.8,0.53,0.04,1.7,10.0,beer
7.4,0.6,0.26,7.3,9.4,beer
7.3,0.59,0.26,7.2,9.4,beer
7.8,0.63,0.48,1.7,9.5,beer
6.8,0.64,0.1,2.1,10.2,beer
7.3,0.55,0.03,1.6,9.0,beer
6.8,0.63,0.07,2.1,10.4,beer
7.5,0.705,0.24,1.8,9.5,beer
7.9,0.885,0.03,1.8,9.1,beer
8.0,0.42,0.17,2.0,9.2,beer
8.0,0.42,0.17,2.0,9.2,beer
7.4,0.62,0.05,1.9,11.5,beer
7.3,0.38,0.21,2.0,9.5,beer
6.9,0.5,0.04,1.5,9.5,beer
7.3,0.38,0.21,2.0,9.5,beer
7.5,0.52,0.42,2.3,10.5,beer
7.0,0.805,0.0,2.5,9.6,beer
8.8,0.61,0.14,2.4,9.5,beer
8.8,0.61,0.14,2.4,9.5,beer
8.9,0.61,0.49,2.0,9.3,beer
7.2,0.73,0.02,2.5,9.3,beer
6.8,0.61,0.2,1.8,9.3,beer
6.7,0.62,0.21,1.9,9.3,beer
8.9,0.31,0.57,2.0,9.7,beer
7.4,0.39,0.48,2.0,9.2,beer
7.7,0.705,0.1,2.6,9.7,beer
7.9,0.5,0.33,2.0,9.5,beer
7.9,0.49,0.32,1.9,9.5,beer
8.2,0.5,0.35,2.9,9.4,beer
6.4,0.37,0.25,1.9,9.8,beer
6.8,0.63,0.12,3.8,9.5,beer
7.6,0.55,0.21,2.2,9.7,beer
7.6,0.55,0.21,2.2,9.7,beer
7.8,0.59,0.33,2.0,9.4,beer
7.3,0.58,0.3,2.4,10.2,beer
11.5,0.3,0.6,2.0,10.1,beer
5.4,0.835,0.08,1.2,13.0,beer
6.9,01.09,0.06,2.1,11.4,beer
9.6,0.32,0.47,1.4,10.3,beer
8.8,0.37,0.48,2.1,9.3,beer
6.8,0.5,0.11,1.5,9.5,beer
7.0,0.42,0.35,1.6,9.2,beer
7.0,0.43,0.36,1.6,9.2,beer
12.8,0.3,0.74,2.6,10.8,beer
12.8,0.3,0.74,2.6,10.8,beer
7.8,0.57,0.31,1.8,9.3,beer
7.8,0.44,0.28,2.7,9.4,beer
11.0,0.3,0.58,2.1,10.5,beer
9.7,0.53,0.6,2.0,12.4,beer
8.0,0.725,0.24,2.8,10.0,beer
11.6,0.44,0.64,2.1,10.2,beer
8.2,0.57,0.26,2.2,10.1,beer
7.8,0.735,0.08,2.4,9.8,beer
7.0,0.49,0.49,5.6,10.5,beer
8.7,0.625,0.16,2.0,11.0,beer
8.1,0.725,0.22,2.2,9.1,beer
7.5,0.49,0.19,1.9,9.7,beer
7.8,0.53,0.33,2.4,9.5,beer
7.8,0.34,0.37,2.0,9.4,beer
7.4,0.53,0.26,2.0,9.4,beer
6.8,0.61,0.04,1.5,9.5,beer
8.6,0.645,0.25,2.0,10.0,beer
8.4,0.635,0.36,2.0,10.4,beer
7.7,0.43,0.25,2.6,10.5,beer
8.9,0.59,0.5,2.0,9.5,beer
9.0,0.82,0.14,2.6,9.8,beer
7.7,0.43,0.25,2.6,10.5,beer
6.9,0.52,0.25,2.6,11.0,beer
5.2,0.48,0.04,1.6,12.2,beer
8.0,0.38,0.06,1.8,9.9,beer
8.5,0.37,0.2,2.8,9.6,beer
6.9,0.52,0.25,2.6,11.0,beer
8.2,1.0,0.09,2.3,9.0,beer
7.2,0.63,0.0,1.9,9.0,beer
7.2,0.63,0.0,1.9,9.0,beer
7.2,0.645,0.0,1.9,9.2,beer
7.2,0.63,0.0,1.9,9.0,beer
8.2,1.0,0.09,2.3,9.0,beer
8.9,0.635,0.37,1.7,9.3,beer
12.0,0.38,0.56,2.1,10.9,beer
7.7,0.58,0.1,1.8,9.8,beer
15.0,0.21,0.44,2.2,9.2,beer
15.0,0.21,0.44,2.2,9.2,beer
7.3,0.66,0.0,2.0,9.9,beer
7.1,0.68,0.07,1.9,9.5,beer
8.2,0.6,0.17,2.3,9.3,beer
7.7,0.53,0.06,1.7,9.8,beer
7.3,0.66,0.0,2.0,9.9,beer
10.8,0.32,0.44,1.6,10.0,beer
7.1,0.6,0.0,1.8,9.9,beer
11.1,0.35,0.48,3.1,10.5,beer
7.7,0.775,0.42,1.9,9.5,beer
7.1,0.6,0.0,1.8,9.9,beer
8.0,0.57,0.23,3.2,9.3,beer
9.4,0.34,0.37,2.2,9.2,beer
6.6,0.695,0.0,2.1,9.2,beer
7.7,0.41,0.76,1.8,9.4,beer
10.0,0.31,0.47,2.6,10.5,beer
7.9,0.33,0.23,1.7,9.3,beer
7.0,0.975,0.04,2.0,9.4,beer
8.0,0.52,0.03,1.7,10.0,beer
7.9,0.37,0.23,1.8,9.3,beer
12.5,0.56,0.49,2.4,10.9,beer
11.8,0.26,0.52,1.8,10.2,beer
8.1,0.87,0.0,3.3,9.8,beer
7.9,0.35,0.46,3.6,12.8,beer
6.9,0.54,0.04,3.0,9.4,beer
11.5,0.18,0.51,4.0,10.1,beer
7.9,0.545,0.06,4.0,10.7,beer
11.5,0.18,0.51,4.0,10.1,beer
10.9,0.37,0.58,4.0,10.1,beer
8.4,0.715,0.2,2.4,9.4,beer
7.5,0.65,0.18,7.0,9.4,beer
7.9,0.545,0.06,4.0,10.7,beer
6.9,0.54,0.04,3.0,9.4,beer
11.5,0.18,0.51,4.0,10.1,beer
10.3,0.32,0.45,6.4,12.6,beer
8.9,0.4,0.32,5.6,10.5,beer
11.4,0.26,0.44,3.6,9.3,beer
7.7,0.27,0.68,3.5,9.9,beer
7.6,0.52,0.12,3.0,9.1,beer
8.9,0.4,0.32,5.6,10.5,beer
9.9,0.59,0.07,3.4,9.8,beer
9.9,0.59,0.07,3.4,9.8,beer
12.0,0.45,0.55,2.0,10.3,beer
7.5,0.4,0.12,3.0,10.3,beer
8.7,0.52,0.09,2.5,10.6,beer
11.6,0.42,0.53,3.3,9.2,beer
8.7,0.52,0.09,2.5,10.6,beer
11.0,0.2,0.48,2.0,10.5,beer
10.4,0.55,0.23,2.7,10.3,beer
6.9,0.36,0.25,2.4,10.1,beer
13.3,0.34,0.52,3.2,9.5,beer
10.8,0.5,0.46,2.5,9.5,beer
10.6,0.83,0.37,2.6,9.9,beer
7.1,0.63,0.06,2.0,9.6,beer
7.2,0.65,0.02,2.3,9.7,beer
6.9,0.67,0.06,2.1,9.6,beer
7.5,0.53,0.06,2.6,10.7,beer
11.1,0.18,0.48,1.5,10.1,beer
8.3,0.705,0.12,2.6,10.0,beer
7.4,0.67,0.12,1.6,9.5,beer
8.4,0.65,0.6,2.1,9.2,beer
10.3,0.53,0.48,2.5,9.3,beer
7.6,0.62,0.32,2.2,9.4,beer
10.3,0.41,0.42,2.4,9.5,beer
10.3,0.43,0.44,2.4,9.5,beer
7.4,0.29,0.38,1.7,9.5,beer
10.3,0.53,0.48,2.5,9.3,beer
7.9,0.53,0.24,2.0,9.4,beer
9.0,0.46,0.31,2.8,9.5,beer
8.6,0.47,0.3,3.0,9.4,beer
7.4,0.36,0.29,2.6,11.0,beer
7.1,0.35,0.29,2.5,11.0,beer
9.6,0.56,0.23,3.4,10.1,beer
9.6,0.77,0.12,2.9,10.4,beer
9.8,0.66,0.39,3.2,11.5,beer
9.6,0.77,0.12,2.9,10.4,beer
9.8,0.66,0.39,3.2,11.5,beer
9.3,0.61,0.26,3.4,9.7,beer
7.8,0.62,0.05,2.3,9.3,beer
10.3,0.59,0.42,2.8,9.5,beer
10.0,0.49,0.2,11.0,9.2,beer
10.0,0.49,0.2,11.0,9.2,beer
11.6,0.53,0.66,3.65,11.5,beer
10.3,0.44,0.5,4.5,11.5,beer
13.4,0.27,0.62,2.6,9.7,beer
10.7,0.46,0.39,2.0,9.5,beer
10.2,0.36,0.64,2.9,12.5,beer
10.2,0.36,0.64,2.9,12.5,beer
8.0,0.58,0.28,3.2,9.4,beer
8.4,0.56,0.08,2.1,11.0,beer
7.9,0.65,0.01,2.5,11.7,beer
11.9,0.695,0.53,3.4,12.2,beer
8.9,0.43,0.45,1.9,12.5,beer
7.8,0.43,0.32,2.8,10.3,beer
12.4,0.49,0.58,3.0,11.5,beer
12.5,0.28,0.54,2.3,9.8,beer
12.2,0.34,0.5,2.4,9.2,beer
10.6,0.42,0.48,2.7,11.3,beer
10.9,0.39,0.47,1.8,9.8,beer
10.9,0.39,0.47,1.8,9.8,beer
11.9,0.57,0.5,2.6,10.7,beer
7.0,0.685,0.0,1.9,9.9,beer
6.6,0.815,0.02,2.7,12.3,beer
13.8,0.49,0.67,3.0,12.0,beer
9.6,0.56,0.31,2.8,10.0,beer
9.1,0.785,0.0,2.6,9.4,beer
10.7,0.67,0.22,2.7,9.9,beer
9.1,0.795,0.0,2.6,9.4,beer
7.7,0.665,0.0,2.4,9.3,beer
13.5,0.53,0.79,4.8,13.0,beer
6.1,0.21,0.4,1.4,11.9,beer
6.7,0.75,0.01,2.4,12.8,beer
11.5,0.41,0.52,3.0,11.0,beer
10.5,0.42,0.66,2.95,11.7,beer
11.9,0.43,0.66,3.1,10.4,beer
12.6,0.38,0.66,2.6,9.8,beer
8.2,0.7,0.23,2.0,9.4,beer
8.6,0.45,0.31,2.6,9.9,beer
11.9,0.58,0.66,2.5,10.0,beer
12.5,0.46,0.63,2.0,10.2,beer
12.8,0.615,0.66,5.8,10.0,beer
10.0,0.42,0.5,3.4,11.8,beer
12.8,0.615,0.66,5.8,10.0,beer
10.4,0.575,0.61,2.6,9.0,beer
10.3,0.34,0.52,2.8,9.4,beer
9.4,0.27,0.53,2.4,12.0,beer
6.9,0.765,0.02,2.3,9.9,beer
7.9,0.24,0.4,1.6,8.7,beer
9.1,0.28,0.48,1.8,10.6,beer
7.4,0.55,0.22,2.2,9.2,beer
14.0,0.41,0.63,3.8,10.8,beer
11.5,0.54,0.71,4.4,11.8,beer
11.5,0.45,0.5,3.0,11.0,beer
9.4,0.27,0.53,2.4,12.0,beer
11.4,0.625,0.66,6.2,13.3,beer
8.3,0.42,0.38,2.5,10.8,beer
8.3,0.26,0.42,2.0,9.4,beer
13.7,0.415,0.68,2.9,10.0,beer
8.3,0.26,0.42,2.0,9.4,beer
8.3,0.26,0.42,2.0,9.4,beer
7.7,0.51,0.28,2.1,9.2,beer
7.4,0.63,0.07,2.4,9.7,beer
7.8,0.54,0.26,2.0,9.2,beer
8.3,0.66,0.15,1.9,9.6,beer
7.8,0.46,0.26,1.9,9.2,beer
9.6,0.38,0.31,2.5,10.0,beer
5.6,0.85,0.05,1.4,12.9,beer
13.7,0.415,0.68,2.9,10.0,beer
9.5,0.37,0.52,2.0,9.5,beer
8.4,0.665,0.61,2.0,9.1,beer
12.7,0.6,0.65,2.3,9.9,beer
12.0,0.37,0.76,4.2,13.0,beer
6.6,0.735,0.02,7.9,9.9,beer
11.5,0.59,0.59,2.6,11.0,beer
11.5,0.59,0.59,2.6,11.0,beer
8.7,0.765,0.22,2.3,9.4,beer
6.6,0.735,0.02,7.9,9.9,beer
7.7,0.26,0.3,1.7,10.8,beer
12.2,0.48,0.54,2.6,10.5,beer
11.4,0.6,0.49,2.7,10.5,beer
7.7,0.69,0.05,2.7,9.1,beer
8.7,0.31,0.46,1.4,10.1,beer
9.8,0.44,0.47,2.5,10.8,beer
12.0,0.39,0.66,3.0,10.8,beer
10.4,0.34,0.58,3.7,11.3,beer
12.5,0.46,0.49,4.5,9.6,beer
9.0,0.43,0.34,2.5,9.5,beer
9.1,0.45,0.35,2.4,9.5,beer
7.1,0.735,0.16,1.9,9.3,beer
9.9,0.4,0.53,6.7,11.7,beer
8.8,0.52,0.34,2.7,9.5,beer
8.6,0.725,0.24,6.6,9.3,beer
10.6,0.48,0.64,2.2,11.7,beer
7.0,0.58,0.12,1.9,10.5,beer
11.9,0.38,0.51,2.0,10.4,beer
6.8,0.77,0.0,1.8,9.9,beer
9.5,0.56,0.33,2.4,11.8,beer
6.6,0.84,0.03,2.3,12.3,beer
7.7,0.96,0.2,2.0,10.9,beer
10.5,0.24,0.47,2.1,11.0,beer
7.7,0.96,0.2,2.0,10.9,beer
6.6,0.84,0.03,2.3,12.3,beer
6.4,0.67,0.08,2.1,11.4,beer
9.5,0.78,0.22,1.9,10.6,beer
9.1,0.52,0.33,1.3,9.3,beer
12.8,0.84,0.63,2.4,10.4,beer
10.5,0.24,0.47,2.1,11.0,beer
7.8,0.55,0.35,2.2,9.2,beer
11.9,0.37,0.69,2.3,12.8,beer
12.3,0.39,0.63,2.3,9.5,beer
10.4,0.41,0.55,3.2,9.9,beer
12.3,0.39,0.63,2.3,9.5,beer
8.0,0.67,0.3,2.0,10.2,beer
11.1,0.45,0.73,3.2,11.2,beer
10.4,0.41,0.55,3.2,9.9,beer
7.0,0.62,0.18,1.5,9.3,beer
12.6,0.31,0.72,2.2,9.8,beer
11.9,0.4,0.65,2.15,11.3,beer
15.6,0.685,0.76,3.7,11.2,beer
10.0,0.44,0.49,2.7,11.6,beer
5.3,0.57,0.01,1.7,12.5,beer
9.5,0.735,0.1,2.1,10.1,beer
12.5,0.38,0.6,2.6,10.5,beer
9.3,0.48,0.29,2.1,11.2,beer
8.6,0.53,0.22,2.0,10.2,beer
11.9,0.39,0.69,2.8,10.8,beer
11.9,0.39,0.69,2.8,10.8,beer
8.4,0.37,0.53,1.8,9.1,beer
6.8,0.56,0.03,1.7,10.0,beer
10.4,0.33,0.63,2.8,11.2,beer
7.0,0.23,0.4,1.6,11.1,beer
11.3,0.62,0.67,5.2,13.4,beer
8.9,0.59,0.39,2.3,10.3,beer
9.2,0.63,0.21,2.7,9.6,beer
10.4,0.33,0.63,2.8,11.2,beer
11.6,0.58,0.66,2.2,9.0,beer
9.2,0.43,0.52,2.3,11.3,beer
8.3,0.615,0.22,2.6,9.3,beer
11.0,0.26,0.68,2.55,11.8,beer
8.1,0.66,0.7,2.2,9.0,beer
11.5,0.315,0.54,2.1,9.2,beer
10.0,0.29,0.4,2.9,9.7,beer
10.3,0.5,0.42,2.0,11.5,beer
8.8,0.46,0.45,2.6,14.0,beer
11.4,0.36,0.69,2.1,9.2,beer
8.7,0.82,0.02,1.2,9.8,beer
13.0,0.32,0.65,2.6,10.6,beer
9.6,0.54,0.42,2.4,11.4,beer
12.5,0.37,0.55,2.6,10.4,beer
9.9,0.35,0.55,2.1,10.6,beer
10.5,0.28,0.51,1.7,9.4,beer
9.6,0.68,0.24,2.2,10.2,beer
9.3,0.27,0.41,2.0,9.7,beer
10.4,0.24,0.49,1.8,11.0,beer
9.6,0.68,0.24,2.2,10.2,beer
9.4,0.685,0.11,2.7,10.1,beer
10.6,0.28,0.39,15.5,9.2,beer
9.4,0.3,0.56,2.8,11.7,beer
10.6,0.36,0.59,2.2,9.4,beer
10.6,0.36,0.6,2.2,9.4,beer
10.6,0.44,0.68,4.1,13.4,beer
10.2,0.67,0.39,1.9,10.0,beer
10.2,0.67,0.39,1.9,10.0,beer
10.2,0.645,0.36,1.8,10.0,beer
11.6,0.32,0.55,2.8,10.8,beer
9.3,0.39,0.4,2.6,10.2,beer
9.3,0.775,0.27,2.8,10.6,beer
9.2,0.41,0.5,2.5,13.3,beer
8.9,0.4,0.51,2.6,13.4,beer
8.7,0.69,0.31,3.0,11.6,beer
6.5,0.39,0.23,8.3,12.1,beer
10.7,0.35,0.53,2.6,11.0,beer
7.8,0.52,0.25,1.9,9.0,beer
7.2,0.34,0.32,2.5,11.1,beer
10.7,0.35,0.53,2.6,11.0,beer
8.7,0.69,0.31,3.0,11.6,red wine
7.8,0.52,0.25,1.9,9.0,red wine
10.4,0.44,0.73,6.55,12.0,red wine
10.4,0.44,0.73,6.55,12.0,red wine
10.5,0.26,0.47,1.9,10.9,red wine
10.5,0.24,0.42,1.8,10.8,red wine
10.2,0.49,0.63,2.9,12.5,red wine
10.4,0.24,0.46,1.8,10.8,red wine
11.2,0.67,0.55,2.3,9.5,red wine
10.0,0.59,0.31,2.2,10.2,red wine
13.3,0.29,0.75,2.8,11.4,red wine
12.4,0.42,0.49,4.6,9.5,red wine
10.0,0.59,0.31,2.2,10.2,red wine
10.7,0.4,0.48,2.1,9.7,red wine
10.5,0.51,0.64,2.4,11.8,red wine
10.5,0.51,0.64,2.4,11.8,red wine
8.5,0.655,0.49,6.1,9.3,red wine
12.5,0.6,0.49,4.3,11.9,red wine
10.4,0.61,0.49,2.1,8.4,red wine
10.9,0.21,0.49,2.8,11.7,red wine
7.3,0.365,0.49,2.5,11.0,red wine
9.8,0.25,0.49,2.7,10.0,red wine
7.6,0.41,0.49,2.0,9.1,red wine
8.2,0.39,0.49,2.3,9.8,red wine
9.3,0.4,0.49,2.5,9.4,red wine
9.2,0.43,0.49,2.4,9.5,red wine
10.4,0.64,0.24,2.8,9.9,red wine
7.3,0.365,0.49,2.5,11.0,red wine
7.0,0.38,0.49,2.5,11.4,red wine
8.2,0.42,0.49,2.6,8.7,red wine
9.9,0.63,0.24,2.4,9.4,red wine
9.1,0.22,0.24,2.1,10.3,red wine
11.9,0.38,0.49,2.7,10.3,red wine
11.9,0.38,0.49,2.7,10.3,red wine
10.3,0.27,0.24,2.1,12.8,red wine
10.0,0.48,0.24,2.7,10.0,red wine
9.1,0.22,0.24,2.1,10.3,red wine
9.9,0.63,0.24,2.4,9.4,red wine
8.1,0.825,0.24,2.1,10.7,red wine
12.9,0.35,0.49,5.8,12.0,red wine
11.2,0.5,0.74,5.15,11.2,red wine
9.2,0.59,0.24,3.3,9.6,red wine
9.5,0.46,0.49,6.3,11.0,red wine
9.3,0.715,0.24,2.1,9.9,red wine
11.2,0.66,0.24,2.5,11.0,red wine
14.3,0.31,0.74,1.8,8.4,red wine
9.1,0.47,0.49,2.6,9.1,red wine
7.5,0.55,0.24,2.0,9.5,red wine
10.6,0.31,0.49,2.5,10.7,red wine
12.4,0.35,0.49,2.6,10.4,red wine
9.0,0.53,0.49,1.9,9.4,red wine
6.8,0.51,0.01,2.1,9.5,red wine
9.4,0.43,0.24,2.8,10.0,red wine
9.5,0.46,0.24,2.7,10.0,red wine
5.0,01.04,0.24,1.6,11.5,red wine
15.5,0.645,0.49,4.2,11.1,red wine
15.5,0.645,0.49,4.2,11.1,red wine
10.9,0.53,0.49,4.6,11.7,red wine
15.6,0.645,0.49,4.2,11.1,red wine
10.9,0.53,0.49,4.6,11.7,red wine
13.0,0.47,0.49,4.3,12.7,red wine
12.7,0.6,0.49,2.8,11.4,red wine
9.0,0.44,0.49,2.4,9.2,red wine
9.0,0.54,0.49,2.9,9.2,red wine
7.6,0.29,0.49,2.7,10.1,red wine
13.0,0.47,0.49,4.3,12.7,red wine
12.7,0.6,0.49,2.8,11.4,red wine
8.7,0.7,0.24,2.5,9.0,red wine
8.7,0.7,0.24,2.5,9.0,red wine
9.8,0.5,0.49,2.6,10.7,red wine
6.2,0.36,0.24,2.2,11.7,red wine
11.5,0.35,0.49,3.3,11.0,red wine
6.2,0.36,0.24,2.2,11.7,red wine
10.2,0.24,0.49,2.4,10.4,red wine
10.5,0.59,0.49,2.1,9.6,red wine
10.6,0.34,0.49,3.2,10.0,red wine
12.3,0.27,0.49,3.1,10.2,red wine
9.9,0.5,0.24,2.3,10.0,red wine
8.8,0.44,0.49,2.8,9.5,red wine
8.8,0.47,0.49,2.9,9.8,red wine
10.6,0.31,0.49,2.2,9.8,red wine
12.3,0.5,0.49,2.2,9.6,red wine
12.3,0.5,0.49,2.2,9.6,red wine
11.7,0.49,0.49,2.2,9.2,red wine
12.0,0.28,0.49,1.9,9.9,red wine
11.8,0.33,0.49,3.4,10.7,red wine
7.6,0.51,0.24,2.4,9.6,red wine
11.1,0.31,0.49,2.7,10.6,red wine
7.3,0.73,0.24,1.9,9.3,red wine
5.0,0.42,0.24,2.0,14.0,red wine
10.2,0.29,0.49,2.6,10.5,red wine
9.0,0.45,0.49,2.6,9.7,red wine
6.6,0.39,0.49,1.7,11.5,red wine
9.0,0.45,0.49,2.6,9.7,red wine
9.9,0.49,0.58,3.5,9.0,red wine
7.9,0.72,0.17,2.6,9.5,red wine
8.9,0.595,0.41,7.9,9.3,red wine
12.4,0.4,0.51,2.0,9.3,red wine
11.9,0.58,0.58,1.9,10.0,red wine
8.5,0.585,0.18,2.1,9.8,red wine
12.7,0.59,0.45,2.3,9.3,red wine
8.2,0.915,0.27,2.1,10.0,red wine
13.2,0.46,0.52,2.2,9.0,red wine
7.7,0.835,0.0,2.6,9.3,red wine
13.2,0.46,0.52,2.2,9.0,red wine
8.3,0.58,0.13,2.9,9.1,red wine
8.3,0.6,0.13,2.6,9.2,red wine
9.4,0.41,0.48,4.6,12.2,red wine
8.8,0.48,0.41,3.3,10.5,red wine
10.1,0.65,0.37,5.1,10.4,red wine
6.3,0.36,0.19,3.2,12.7,red wine
8.8,0.24,0.54,2.5,9.2,red wine
13.2,0.38,0.55,2.7,9.4,red wine
7.5,0.64,0.0,2.4,10.0,red wine
8.2,0.39,0.38,1.5,9.8,red wine
9.2,0.755,0.18,2.2,10.2,red wine
9.6,0.6,0.5,2.3,9.7,red wine
9.6,0.6,0.5,2.3,9.7,red wine
11.5,0.31,0.51,2.2,9.8,red wine
11.4,0.46,0.5,2.7,10.2,red wine
11.3,0.37,0.41,2.3,9.3,red wine
8.3,0.54,0.24,3.4,9.4,red wine
8.2,0.56,0.23,3.4,9.4,red wine
10.0,0.58,0.22,1.9,9.5,liqueur
7.9,0.51,0.25,2.9,12.1,liqueur
6.8,0.69,0.0,5.6,10.2,liqueur
6.8,0.69,0.0,5.6,10.2,liqueur
8.8,0.6,0.29,2.2,9.1,liqueur
8.8,0.6,0.29,2.2,9.1,liqueur
8.7,0.54,0.26,2.5,9.3,liqueur
7.6,0.685,0.23,2.3,9.3,liqueur
8.7,0.54,0.26,2.5,9.3,liqueur
10.4,0.28,0.54,2.7,9.5,liqueur
7.6,0.41,0.14,3.0,10.5,liqueur
10.1,0.935,0.22,3.4,11.3,liqueur
7.9,0.35,0.21,1.9,9.5,liqueur
8.7,0.84,0.0,1.4,9.7,liqueur
9.6,0.88,0.28,2.4,9.4,liqueur
9.5,0.885,0.27,2.3,9.4,liqueur
7.7,0.915,0.12,2.2,10.2,liqueur
8.9,0.29,0.35,1.9,10.3,liqueur
9.9,0.54,0.45,2.3,9.4,liqueur
9.5,0.59,0.44,2.3,9.5,liqueur
9.9,0.54,0.45,2.3,9.4,liqueur
9.5,0.59,0.44,2.3,9.5,liqueur
9.9,0.54,0.45,2.3,9.4,liqueur
7.8,0.64,0.1,6.0,10.1,liqueur
7.3,0.67,0.05,3.6,10.1,liqueur
8.3,0.845,0.01,2.2,11.0,liqueur
8.7,0.48,0.3,2.8,11.2,liqueur
6.7,0.42,0.27,8.6,11.3,liqueur
10.7,0.43,0.39,2.2,9.6,liqueur
9.8,0.88,0.25,2.5,11.2,liqueur
15.9,0.36,0.65,7.5,14.9,liqueur
9.4,0.33,0.59,2.8,12.0,liqueur
8.6,0.47,0.47,2.4,9.5,liqueur
9.7,0.55,0.17,2.9,9.4,liqueur
10.7,0.43,0.39,2.2,9.6,liqueur
12.0,0.5,0.59,1.4,10.5,liqueur
7.2,0.52,0.07,1.4,9.6,liqueur
7.1,0.84,0.02,4.4,11.0,liqueur
7.2,0.52,0.07,1.4,9.6,liqueur
7.5,0.42,0.31,1.6,9.0,liqueur
7.2,0.57,0.06,1.6,9.6,liqueur
10.1,0.28,0.46,1.8,10.2,liqueur
12.1,0.4,0.52,2.0,10.2,liqueur
9.4,0.59,0.14,2.0,9.7,liqueur
8.3,0.49,0.36,1.8,9.5,liqueur
11.3,0.34,0.45,2.0,9.2,liqueur
10.0,0.73,0.43,2.3,11.0,liqueur
11.3,0.34,0.45,2.0,9.2,liqueur
6.9,0.4,0.24,2.5,10.0,liqueur
8.2,0.73,0.21,1.7,9.5,liqueur
9.8,1.24,0.34,2.0,9.5,liqueur
8.2,0.73,0.21,1.7,9.5,liqueur
10.8,0.4,0.41,2.2,9.3,liqueur
9.3,0.41,0.39,2.2,10.2,liqueur
10.8,0.4,0.41,2.2,9.3,liqueur
8.6,0.8,0.11,2.3,9.9,liqueur
8.3,0.78,0.1,2.6,10.0,liqueur
10.8,0.26,0.45,3.3,9.6,liqueur
13.3,0.43,0.58,1.9,9.0,liqueur
8.0,0.45,0.23,2.2,10.2,liqueur
8.5,0.46,0.31,2.25,9.8,liqueur
8.1,0.78,0.23,2.6,11.3,liqueur
9.8,0.98,0.32,2.3,9.4,liqueur
8.1,0.78,0.23,2.6,11.3,liqueur
7.1,0.65,0.18,1.8,9.1,liqueur
9.1,0.64,0.23,3.1,9.7,liqueur
7.7,0.66,0.04,1.6,9.4,liqueur
8.1,0.38,0.48,1.8,9.4,liqueur
7.4,1.185,0.0,4.25,10.7,liqueur
9.2,0.92,0.24,2.6,9.8,liqueur
8.6,0.49,0.51,2.0,9.0,liqueur
9.0,0.48,0.32,2.8,9.4,liqueur
9.0,0.47,0.31,2.7,9.4,liqueur
5.1,0.47,0.02,1.3,12.8,liqueur
7.0,0.65,0.02,2.1,9.5,liqueur
7.0,0.65,0.02,2.1,9.5,liqueur
9.4,0.615,0.28,3.2,9.7,liqueur
11.8,0.38,0.55,2.1,10.8,liqueur
10.6,01.02,0.43,2.9,10.1,liqueur
7.0,0.65,0.02,2.1,9.5,liqueur
7.0,0.64,0.02,2.1,9.4,liqueur
7.5,0.38,0.48,2.6,9.6,liqueur
9.1,0.765,0.04,1.6,9.7,liqueur
8.4,1.035,0.15,6.0,9.9,liqueur
7.0,0.78,0.08,2.0,10.0,liqueur
7.4,0.49,0.19,3.0,10.5,liqueur
7.8,0.545,0.12,2.5,11.6,liqueur
9.7,0.31,0.47,1.6,10.0,liqueur
10.6,1.025,0.43,2.8,10.1,liqueur
8.9,0.565,0.34,3.0,9.5,liqueur
8.7,0.69,0.0,3.2,9.4,liqueur
8.0,0.43,0.36,2.3,9.4,liqueur
9.9,0.74,0.28,2.6,9.8,liqueur
7.2,0.49,0.18,2.7,9.2,liqueur
8.0,0.43,0.36,2.3,9.4,liqueur
7.6,0.46,0.11,2.6,10.0,liqueur
8.4,0.56,0.04,2.0,9.6,liqueur
7.1,0.66,0.0,3.9,9.5,liqueur
8.4,0.56,0.04,2.0,9.6,liqueur
8.9,0.48,0.24,2.85,9.2,liqueur
7.6,0.42,0.08,2.7,10.0,liqueur
7.1,0.31,0.3,2.2,9.5,liqueur
7.5,1.115,0.1,3.1,11.2,liqueur
9.0,0.66,0.17,3.0,10.4,liqueur
8.1,0.72,0.09,2.8,11.1,liqueur
6.4,0.57,0.02,1.8,9.5,liqueur
6.4,0.57,0.02,1.8,9.5,liqueur
6.4,0.865,0.03,3.2,12.7,liqueur
9.5,0.55,0.66,2.3,9.6,liqueur
8.9,0.875,0.13,3.45,11.5,liqueur
7.3,0.835,0.03,2.1,9.6,liqueur
7.0,0.45,0.34,2.7,9.5,liqueur
7.7,0.56,0.2,2.0,9.3,liqueur
7.7,0.965,0.1,2.1,9.5,liqueur
7.7,0.965,0.1,2.1,9.5,liqueur
8.2,0.59,0.0,2.5,9.3,liqueur
9.0,0.46,0.23,2.8,9.2,liqueur
9.0,0.69,0.0,2.4,9.3,liqueur
8.3,0.76,0.29,4.2,11.5,liqueur
9.2,0.53,0.24,2.6,9.5,liqueur
6.5,0.615,0.0,1.9,9.2,liqueur
11.6,0.41,0.58,2.8,10.0,liqueur
11.1,0.39,0.54,2.7,9.5,liqueur
7.3,0.51,0.18,2.1,9.5,liqueur
8.2,0.34,0.38,2.5,9.0,liqueur
8.6,0.33,0.4,2.6,9.4,liqueur
7.2,0.5,0.18,2.1,9.6,liqueur
7.3,0.51,0.18,2.1,9.5,liqueur